{
    "Accuracy": 0.948819461860915,
    "Precision": 0.9253359191023688,
    "Recall": 0.9417293233082706,
    "F1_Score": 0.9334606516524211,
    "ROC_AUC": 0.9915936828892624
}